GEOID,PovSurveyPop,PercentBelowPovLevel,Under18YrsPop,18to34Pop,35to64Pop,Over65Pop,MalePercentBelowPovLevel,FemalePercentBelowPovLevel,WhitePercentBelowPovLevel,AIANPercentBelowPovLevel,NHPIPercentBelowPovLevel,LabForce16andOver,Employed16andOver,Unemployed16andOver
0010,2970,23.3,781,750,1126,313,21.1,25.4,20.8,24.0, ,1369,1086,283
0011,25421,14.2,2307,2583,10079,10452,13.5,15.1,12.8,19.5,23.4,10513,9606,907
0012,613,25.4,212,128,161,112,25.1,25.7,23.5,25.0, ,270,215,55
0013,6088,28.1,1803,1379,2093,813,27.0,29.1,24.3,32.4, ,2420,2154,266
0014,0, ,0,0,0,0, , , , , ,0,0,0
0015,1672,13.4,496,378,598,200,13.5,13.3,2.6,17.3,0.0,719,587,132
0016,241,57.7,79,61,84,17,53.3,61.2,71.4,55.7,50.0,90,66,24
0017,0, ,0,0,0,0, , , , , ,0,0,0
0018,0, ,0,0,0,0, , , , , ,0,0,0
0019,1542,32.8,514,277,564,187,29.3,36.8,19.8,34.1, ,654,548,106
0020,743,15.1,243,190,275,35,12.6,17.7,18.9,15.1,0.0,184,172,12
0021,318,15.4,82,83,99,54,14.1,16.4,11.8,17.0, ,132,99,33
0170,1258,17.6,335,374,408,141,17.5,17.6,11.8,20.7, ,675,587,88
0185,111,18.0,22,20,56,13,25.7,14.5, ,18.5, ,68,64,4
0200,257,8.2,113,43,91,10,8.8,7.5,33.3,4.2,0.0,81,66,15
0215,0, ,0,0,0,0, , , , , ,0,0,0
0225,651,35.3,237,159,210,45,30.8,39.9,19.2,30.7,100.0,189,176,13
0240,2,50.0,0,0,2,0, ,50.0,50.0, , ,0,0,0
0250,497,20.9,136,93,191,77,21.1,20.8,28.2,17.3,0.0,215,196,19
0265,182,36.8,105,26,42,9,32.1,40.4,33.3,37.0,0.0,49,39,10
0275,212,56.1,82,58,58,14,57.8,54.4,40.0,67.8, ,83,65,18
0290,1631,15.5,461,424,556,190,16.2,14.9,16.7,16.3,0.0,842,762,80
0305,10740,35.8,3313,2646,3803,978,32.8,38.9,29.7,38.5,0.0,3907,3509,398
0325,82,12.2,15,27,28,12,10.9,14.8,13.0,16.0, ,57,57,0
0335,1076,26.4,303,252,375,146,25.0,27.8,13.9,28.3, ,487,412,75
0350,83,1.2,0,45,13,25,5.3,0.0,0.0,1.3, ,54,54,0
0360,692,15.2,238,114,287,53,17.1,12.8,29.9,11.7, ,200,155,45
0400,127,26.8,23,29,53,22,27.0,26.4,20.0,25.2,66.7,57,43,14
0415,748,38.2,160,198,312,78,32.0,44.4,45.7,16.7, ,347,310,37
0435,133,8.3,43,45,39,6,8.7,7.8,4.3,11.8, ,55,45,10
0440,396,42.7,89,93,136,78,37.8,47.1,50.0,45.3,10.3,156,116,40
0450,345,29.6,69,125,130,21,23.8,35.3,29.3,29.4, ,120,108,12
0495,0, ,0,0,0,0, , , , , ,0,0,0
0510,267,21.0,48,82,107,30,17.5,24.1,52.9,19.3, ,140,108,32
0525,1118,32.1,329,293,407,89,27.5,37.1,32.8,32.2,0.0,555,485,70
0540,2274,33.1,631,521,812,310,30.2,35.4,39.9,34.3,0.0,840,667,173
0555,24,20.8,14,5,4,1,15.4,27.3,50.0,18.2, ,9,9,0
0560,51,56.9,12,20,18,1,64.5,45.0,100.0,51.1, ,6,6,0
0575,1000,23.4,333,332,278,57,26.9,20.1,13.2,34.4, ,457,376,81
0585,314,43.6,108,67,98,41,40.5,46.8,31.9,46.0, ,134,118,16
0605,8451,35.4,2943,1880,2836,792,34.5,36.3,9.6,42.5, ,3943,2903,1040
0620,0, ,0,0,0,0, , , , , ,0,0,0
0635,589,15.3,186,125,211,67,11.6,18.7,11.3,15.7,66.7,267,253,14
0680,1820,16.2,422,318,724,356,15.1,17.3,19.8,14.8, ,714,652,62
0690,0, ,0,0,0,0, , , , , ,0,0,0
0695,1341,40.0,337,209,350,445,42.2,37.9,14.0,53.8,100.0,305,248,57
0705,7376,19.1,1544,1019,3138,1675,18.4,19.7,12.3,42.4,26.1,3179,2944,235
0720,166,35.5,59,45,44,18,38.4,33.3,0.0,24.8, ,53,36,17
0735,9421,27.2,2268,2275,3310,1568,24.2,30.1,22.0,40.2,82.1,4264,3843,421
0750,78,2.6,26,20,27,5,4.3,0.0,0.0,5.7, ,16,16,0
0760,7634,27.8,1946,1738,2815,1135,29.1,26.5,20.7,30.6,53.1,3161,2727,434
0770,82,45.1,26,23,24,9,33.3,51.9,40.0,50.9, ,30,28,2
0775,444,15.1,115,117,87,125,9.5,18.9,9.3,22.1,0.0,161,148,13
0780,35,40.0,6,16,11,2,41.7,36.4,25.0,44.4, ,3,3,0
0795,98,20.4,45,24,27,2,24.5,16.3,56.3,14.6, ,39,34,5
0815,155,38.7,47,44,61,3,37.5,40.0,31.0,54.2, ,68,64,4
0820,0, ,0,0,0,0, , , , , ,0,0,0
0825,270,41.5,115,81,63,11,33.3,48.3,62.5,49.5, ,109,72,37
0845,7020,32.9,2347,1596,2256,821,32.8,33.0,18.8,35.7,0.0,2946,2403,543
0855,2141,41.4,840,499,656,146,38.4,44.3,1.9,41.9,100.0,731,601,130
0940,472,45.1,141,93,172,66,41.7,48.9,53.3,46.8, ,158,127,31
0955,0, ,0,0,0,0, , , , , ,0,0,0
0965,1340,32.3,412,291,478,159,29.2,34.9,11.2,35.9,0.0,626,518,108
0975,409,26.2,181,59,116,53,34.7,14.1,5.7,29.7,0.0,175,140,35
0990,9407,22.8,2599,2272,3265,1271,21.7,23.7,28.0,19.6, ,3664,3521,143
1005,1006,27.5,227,231,404,144,28.1,27.0,14.8,26.0, ,474,441,33
1010,101,20.8,16,6,37,42,26.3,13.6,0.0,52.5, ,44,32,12
1040,235,34.0,61,34,70,70,24.3,42.2,55.4,32.1,0.0,81,74,7
1055,0, ,0,0,0,0, , , , , ,0,0,0
1065,0, ,0,0,0,0, , , , , ,0,0,0
1070,82,41.5,12,28,32,10,30.0,45.2,0.0,46.6, ,45,29,16
1075,756,35.6,213,164,255,124,34.0,36.6,15.7,38.2, ,326,268,58
1100,440,28.4,137,75,198,30,29.5,27.2,19.4,30.4, ,186,169,17
1110,28820,22.4,7155,5304,10833,5528,22.3,22.5,17.9,33.6,22.5,12552,11462,1090
1125,3961,20.9,905,932,1587,537,21.4,20.3,13.8,28.8, ,1950,1795,155
1135,720,23.3,266,217,190,47,26.5,20.6,58.4,17.9, ,199,153,46
1140,15042,44.6,5147,4186,4783,926,41.8,47.4,13.1,46.1,77.1,5574,3543,2031
1150,3145,48.2,1163,740,985,257,45.3,51.0,16.7,50.7,0.0,1259,832,427
1160,7255,20.6,2275,1793,2590,597,20.4,20.8,8.9,27.0, ,3294,3052,242
1170,159,49.7,44,60,51,4,36.8,56.9,66.7,33.6, ,64,47,17
1185,5952,21.9,1726,1080,2290,856,19.9,24.1,11.6,27.1, ,2502,2003,499
1195,90,10.0,16,13,33,28,9.8,10.3,8.9,12.2, ,39,37,2
1210,465,49.0,146,86,160,73,51.1,47.7,37.5,50.0, ,142,113,29
1220,1133,31.6,386,240,411,96,32.8,30.4,43.9,29.7, ,387,330,57
1235,1701,24.4,356,338,483,524,20.1,29.1,5.9,44.5, ,585,482,103
1250,10075,31.6,3364,2436,3303,972,30.1,33.2,11.9,42.2, ,3803,3336,467
1260,110,48.2,55,27,28,0,44.2,57.6,0.0,56.2, ,31,23,8
1270,0, ,0,0,0,0, , , , , ,0,0,0
1280,1434,33.5,526,331,397,180,35.4,31.7,39.8,30.8, ,528,408,120
1310,11790,48.5,3464,3571,3774,981,50.4,46.6,39.3,47.1,53.4,3841,2972,869
1340,134,43.3,44,30,53,7,34.4,51.4,60.0,37.8,100.0,62,52,10
1355,718,14.2,158,154,322,84,12.0,16.6,4.5,12.1, ,415,392,23
1365,492,27.8,132,113,149,98,25.8,29.8,15.5,29.8,100.0,192,162,30
1370,716,27.0,255,161,232,68,23.4,30.1,18.2,27.2,0.0,290,252,38
1380,34,17.6,0,11,13,10,29.4,5.9,8.3,22.7, ,14,7,7
1395,244,71.7,68,89,83,4,71.4,71.9,88.9,69.8, ,90,59,31
1400,65,70.8,32,15,18,0,67.9,73.0,75.0,65.3,0.0,31,10,21
1410,675,36.3,258,190,190,37,37.3,35.4,22.7,30.9, ,273,207,66
1440,13,100.0,0,9,4,0,100.0,100.0, ,100.0, ,7,2,5
1450,1524,19.7,492,396,456,180,15.5,23.4,22.8,17.4, ,570,513,57
1460,114,41.2,27,30,52,5,38.0,43.8,44.4,35.8, ,31,23,8
1475,940,21.9,271,148,332,189,21.7,22.2,18.5,20.1,0.0,280,264,16
1490,3384,41.5,980,1026,1031,347,44.0,39.4,40.5,46.7,0.0,1230,1058,172
1505,9224,35.0,2799,2312,3032,1081,35.3,34.7,25.1,34.8,17.4,3198,2972,226
1515,339,34.8,120,87,109,23,29.3,39.6,9.4,39.5, ,144,119,25
1530,323,56.0,119,110,75,19,52.6,59.2,37.5,61.3, ,121,100,21
1545,1402,36.4,443,401,401,157,38.3,35.0,62.8,34.6, ,577,458,119
1550,72,29.2,24,14,24,10,24.0,31.9,50.0,18.9, ,26,24,2
1555,362,31.8,161,135,54,12,33.3,30.6,33.3,33.8, ,81,76,5
1560,0, ,0,0,0,0, , , , , ,0,0,0
1575,758,45.4,243,189,244,82,44.8,46.0,20.0,41.6, ,272,214,58
1590,161,7.5,41,31,68,21,5.2,9.5,12.7,5.2, ,93,87,6
1610,26555,16.2,5751,6482,10817,3505,15.2,17.3,15.9,20.4, ,13952,12994,958
1625,3730,28.0,858,939,1383,550,25.1,30.7,17.1,29.7, ,1741,1481,260
1640,0, ,0,0,0,0, , , , , ,0,0,0
1655,27,11.1,0,21,6,0,12.0,0.0,0.0,0.0, ,27,24,3
1670,0, ,0,0,0,0, , , , , ,0,0,0
1685,2034,23.6,558,527,690,259,24.9,22.5,20.0,24.2, ,810,759,51
1690,0, ,0,0,0,0, , , , , ,0,0,0
1700,3178,30.0,1208,742,944,284,32.0,28.0,33.7,28.9, ,1309,1085,224
1720,280,24.6,81,75,98,26,19.8,27.6,76.1,15.2, ,134,121,13
1735,210,12.9,54,44,86,26,7.0,18.2,10.0,13.7, ,86,86,0
1750,548,49.8,233,126,138,51,48.3,51.6,28.4,48.6,0.0,197,150,47
1770,4059,15.7,965,762,1581,751,13.7,17.6,12.1,33.1,0.0,1962,1904,58
1775,416,50.7,189,113,90,24,50.7,50.7,0.0,49.0, ,178,159,19
1785,36,66.7,3,3,21,9,58.3,70.8,27.3,84.0, ,11,4,7
1800,72,37.5,22,22,21,7,26.9,43.5,14.3,45.6, ,27,27,0
1815,2836,37.2,910,497,1007,422,36.5,37.8,11.1,43.3, ,1138,929,209
1825,3341,30.4,618,634,1263,826,25.1,35.3,8.0,45.5,0.0,1522,1319,203
1830,227,47.1,135,39,47,6,51.2,41.8,60.0,53.6,0.0,57,56,1
1840,3804,28.4,859,785,1579,581,26.8,29.9,12.3,27.6, ,1864,1415,449
1850,553,22.8,154,175,166,58,21.3,24.2,14.9,25.0, ,232,170,62
1860,10708,19.4,3107,2064,3751,1786,17.6,21.3,6.2,36.2, ,5220,4825,395
1880,2997,17.2,765,426,1170,636,16.9,17.5,13.5,21.8,0.0,1201,1106,95
1895,54,46.3,22,18,14,0,37.9,56.0,0.0,84.6, ,17,14,3
1915,128,7.0,39,58,26,5,2.1,10.0,50.0,5.6, ,33,22,11
1925,304,49.0,93,78,114,19,45.3,53.8,43.5,45.9,100.0,134,63,71
1940,11251,25.3,3056,2136,3961,2098,23.2,27.4,10.8,37.9,0.0,4914,4361,553
1955,0, ,0,0,0,0, , , , , ,0,0,0
1960,122,43.4,37,14,59,12,43.9,43.1,47.6,47.0, ,44,40,4
1963,59,6.8,21,14,18,6,0.0,10.3,0.0,3.8,0.0,28,27,1
1970,177,26.6,51,26,71,29,29.1,24.2,25.0,27.1, ,70,63,7
1980,17,29.4,0,6,10,1,37.5,22.2,0.0,35.7, ,10,10,0
1995,134,23.9,41,46,37,10,23.6,24.2,0.0,29.5, ,62,51,11
2015,54,50.0,13,10,22,9,44.0,55.2,37.5,50.0, ,15,6,9
2030,1561,42.7,575,408,484,94,39.2,46.0,34.0,43.0,100.0,600,505,95
2040,712,42.7,204,192,283,33,39.2,45.6,34.7,45.8,25.0,296,189,107
2055,460,24.3,147,111,154,48,28.1,19.5,4.5,27.6, ,198,180,18
2070,5263,22.0,1237,1126,2157,743,19.5,24.4,13.5,26.2,20.8,2307,2059,248
2075,0, ,0,0,0,0, , , , , ,0,0,0
2085,1523,23.9,491,347,544,141,22.9,24.9,11.8,25.0,0.0,635,504,131
2100,458,24.7,145,105,153,55,25.1,24.3,32.1,14.6, ,222,186,36
2115,70,10.0,33,20,17,0,0.0,15.9,0.0,13.2, ,21,21,0
2130,1255,39.8,413,388,398,56,39.6,40.1,32.7,41.1, ,481,387,94
2145,230,1.7,45,77,63,45,3.4,0.0,0.0,2.3, ,124,103,21
2147,0, ,0,0,0,0, , , , , ,0,0,0
2150,0, ,0,0,0,0, , , , , ,0,0,0
2175,3489,37.4,1202,938,1104,245,34.2,40.7,23.1,37.9, ,1381,1257,124
2190,113,45.1,22,38,50,3,42.6,47.5,42.9,67.2, ,46,44,2
2205,3661,32.4,1266,1051,1119,225,32.7,32.1,9.7,34.0, ,1638,1245,393
2240,7,0.0,0,0,0,7,0.0,0.0,0.0, , ,0,0,0
2255,3,0.0,0,3,0,0, ,0.0, ,0.0, ,0,0,0
2270,4271,22.8,939,679,1717,936,20.8,24.8,16.3,35.2, ,1850,1598,252
2285,0, ,0,0,0,0, , , , , ,0,0,0
2300,7715,34.8,3133,1908,2434,240,29.3,39.8,0.0,33.7, ,3241,2883,358
2315,256,31.3,75,61,97,23,26.7,34.4,33.3,29.8,100.0,111,85,26
2320,318,1.3,72,117,111,18,1.0,1.8,5.7,0.0, ,156,144,12
2330,0, ,0,0,0,0, , , , , ,0,0,0
2340,161,19.3,52,45,49,15,19.7,18.9,13.3,25.0, ,53,42,11
2360,691,32.4,125,144,233,189,31.0,33.6,30.7,35.3, ,123,101,22
2375,3897,20.4,947,903,1480,567,19.1,21.7,13.6,31.6,6.9,1825,1598,227
2400,1630,18.9,358,266,651,355,18.6,19.3,12.2,28.9,0.0,629,569,60
2415,0, ,0,0,0,0, , , , , ,0,0,0
2430,174120,40.5,51300,42311,60755,19754,40.7,40.3,19.0,41.0,50.2,56790,45992,10798
2445,17706,16.2,3918,2885,6716,4187,14.1,18.3,13.8,30.0,50.0,7315,6783,532
2460,686,25.2,169,173,246,98,21.7,28.4,12.7,30.6,20.0,305,253,52
2475,1130,30.3,338,298,413,81,27.8,32.6,14.9,28.9,16.7,446,362,84
2490,4904,36.5,1853,1149,1555,347,36.9,36.2,6.6,39.1, ,1947,1418,529
2495,135,45.2,55,17,35,28,49.2,41.9,25.0,43.3, ,33,31,2
2505,0, ,0,0,0,0, , , , , ,0,0,0
2510,6683,28.1,1456,1685,2536,1006,28.3,27.8,29.0,30.0,0.0,2601,2324,277
2535,2,0.0,0,2,0,0, ,0.0,0.0, , ,2,2,0
2550,4727,29.0,1555,1030,1497,645,26.3,31.9,13.8,46.7, ,2163,1891,272
2555,0, ,0,0,0,0, , , , , ,0,0,0
2560,24127,9.7,6120,4389,10424,3194,9.2,10.2,5.9,24.1, ,12960,12371,589
2570,141,0.0,0,0,46,95, ,0.0,0.0, , ,46,46,0
2580,0, ,0,0,0,0, , , , , ,0,0,0
2595,45755,15.7,10568,8466,18365,8356,13.7,17.7,14.2,15.8,0.0,20559,19310,1249
2625,420,31.9,127,83,175,35,26.3,36.5,9.1,36.4,0.0,158,128,30
2635,1086,22.4,403,279,332,72,22.1,22.6,22.8,10.2,0.0,291,255,36
2680,3836,43.3,1398,1141,1106,191,38.9,47.8,44.0,43.7, ,1516,1190,326
2685,0, ,0,0,0,0, , , , , ,0,0,0
2695,0, ,0,0,0,0, , , , , ,0,0,0
2715,220,4.5,89,68,58,5,2.1,6.4,25.0,3.7, ,66,60,6
2745,304,18.8,87,65,105,47,15.3,22.4,20.9,24.1,0.0,104,94,10
2760,792,34.7,171,223,318,80,32.9,36.5,33.3,34.1,0.0,398,353,45
2775,89,31.5,17,12,54,6,26.5,34.5,0.0,36.8, ,40,27,13
2785,2162,26.5,361,491,823,487,24.2,28.8,26.8,22.1,0.0,813,712,101
2810,19533,50.4,7117,5066,5920,1430,48.3,52.3,18.0,54.5, ,6165,4916,1249
2820,221,21.3,65,47,72,37,21.8,20.7,20.8,10.3, ,72,62,10
2835,0, ,0,0,0,0, , , , , ,0,0,0
2850,737,45.6,233,156,278,70,45.4,45.8,41.3,49.1, ,289,227,62
2865,389,40.1,162,86,95,46,42.7,37.4,56.3,41.7, ,110,98,12
2890,130,7.7,50,19,50,11,6.0,10.6,7.7,3.2, ,56,54,2
2900,3,0.0,0,0,3,0,0.0,0.0, ,0.0, ,1,1,0
2910,573,29.8,195,122,211,45,26.9,32.8,32.9,26.6, ,232,211,21
2925,7573,11.0,1498,1457,3277,1341,8.6,13.3,10.3,16.4,0.0,3912,3701,211
2980,1708,14.8,500,334,626,248,11.7,17.9,7.0,23.3,0.0,827,773,54
2985,186,17.7,38,62,66,20,16.8,18.7,11.0,21.4, ,66,60,6
2990,3489,15.9,877,614,1485,513,15.9,16.0,16.6,16.2,0.0,1705,1563,142
3000,50554,13.9,12854,11563,20087,6050,12.5,15.3,10.1,27.3,24.6,25867,24166,1701
3010,1459,22.1,316,360,529,254,24.4,19.9,24.8,21.8,25.5,658,520,138
3020,217,48.4,92,43,65,17,46.4,50.5,13.0,40.6,100.0,83,81,2
3030,411,31.4,134,95,159,23,30.6,32.3,46.4,31.1,0.0,168,136,32
3040,1156,30.3,288,291,402,175,30.3,30.3,16.9,32.7,44.4,434,345,89
3070,0, ,0,0,0,0, , , , , ,0,0,0
3085,1266,26.9,342,349,431,144,22.2,30.7,22.7,27.2, ,681,601,80
3095,20,0.0,1,0,11,8,0.0,0.0,0.0,0.0, ,3,3,0
3100,5722,36.3,2329,1641,1469,283,36.4,36.2,30.2,36.8, ,2417,1827,590
3115,317,30.9,68,40,138,71,32.6,29.5,3.3,30.6, ,151,135,16
3130,1104,39.6,354,329,318,103,37.0,42.3,5.9,40.1,10.5,434,332,102
3145,13,30.8,3,0,10,0,42.9,16.7, ,25.0, ,7,4,3
3165,981,25.1,279,285,317,100,20.1,29.9,24.2,27.0,0.0,369,324,45
3185,22,0.0,13,5,4,0,0.0,0.0,0.0,0.0, ,9,9,0
3195,284,45.1,120,43,96,25,54.0,35.1, ,46.2, ,112,95,17
3205,3767,38.7,1475,952,1107,233,36.4,40.8,22.0,38.6, ,1095,948,147
3220,20,10.0,1,0,14,5,0.0,18.2,0.0,33.3, ,10,9,1
3235,11119,54.3,4300,2759,3287,773,54.4,54.2,7.0,59.9, ,3640,3074,566
3250,391,22.3,95,82,150,64,20.2,24.6,53.9,11.2,0.0,171,128,43
3265,1,0.0,0,1,0,0, ,0.0, , , ,0,0,0
3280,1277,15.8,452,315,389,121,14.7,16.8,43.8,13.5, ,453,375,78
3285,130,16.2,27,22,50,31,13.0,19.7,7.3,51.7, ,82,80,2
3305,608,35.9,189,129,228,62,34.5,37.2,31.3,38.2,0.0,261,224,37
3320,3274,19.6,584,715,1491,484,21.0,18.5,0.0,24.0,0.0,1400,978,422
3340,7082,28.1,1444,1833,2622,1183,26.1,30.1,20.6,32.6,0.0,2770,2234,536
3355,10505,45.6,3873,2803,3083,746,44.1,47.0,42.0,46.4, ,4002,2616,1386
3370,5228,26.9,1304,1236,2035,653,25.4,28.3,21.8,32.7,0.0,2387,2185,202
3400,4056,25.9,1301,913,1414,428,26.2,25.6,6.1,30.9, ,1503,1282,221
3415,1918,13.6,465,376,755,322,14.5,12.7,9.5,18.4,0.0,903,857,46
3445,138,74.6,69,32,30,7,51.2,85.3,22.2,77.2, ,11,11,0
3460,869,24.6,251,226,286,106,25.1,24.2,23.4,21.3,100.0,307,273,34
3480,699,17.6,174,198,238,89,17.2,18.0,0.0,17.6,0.0,325,281,44
3495,11746,26.0,2431,2285,4886,2144,26.0,26.0,27.7,30.5, ,4826,4614,212
3520,801,14.7,357,194,186,64,11.5,17.7,38.7,13.8, ,116,93,23
3525,74,66.2,25,20,23,6,71.0,62.8,80.0,63.8, ,19,13,6
3540,250,25.2,61,70,87,32,19.3,30.1,10.0,35.4, ,93,73,20
3550,266,37.2,66,49,95,56,41.1,33.6,10.0,41.3, ,93,62,31
3565,1031,29.6,389,164,365,113,26.6,32.3,11.8,36.8, ,441,377,64
3585,3326,31.9,911,889,1128,398,34.5,29.1,23.3,33.7, ,1140,1053,87
3625,62,16.1,21,20,16,5,9.7,22.6,0.0,21.7, ,37,29,8
3635,2121,51.6,726,618,670,107,52.6,50.9,45.9,50.1, ,877,749,128
3665,0, ,0,0,0,0, , , , , ,0,0,0
3680,692,18.8,233,175,195,89,20.2,17.2,18.2,21.0, ,143,120,23
3735,164,40.2,30,64,59,11,46.5,33.3,38.1,43.1, ,79,54,25
3750,124,19.4,58,21,33,12,24.6,13.6,33.3,8.9, ,43,34,9
3780,90,21.1,27,16,34,13,20.4,22.0,40.9,11.3, ,38,34,4
3795,662,28.1,254,110,236,62,26.4,29.3,18.8,26.3, ,245,208,37
3825,841,27.0,265,181,288,107,24.5,29.6,15.4,29.2,0.0,304,255,49
3840,40,7.5,12,16,12,0,9.5,5.3,0.0,14.3, ,21,18,3
3855,143,25.9,14,39,50,40,23.2,28.4,34.8,29.7, ,33,30,3
3860,0, ,0,0,0,0, , , , , ,0,0,0
3870,891,15.0,127,100,458,206,13.2,16.9,6.0,24.2, ,239,227,12
3885,536,49.3,145,127,227,37,49.8,48.5,54.5,50.8, ,289,201,88
3925,12887,8.0,2535,2433,5800,2119,7.6,8.3,6.4,18.2,0.0,6930,6585,345
3930,72,22.2,7,8,39,18,16.7,30.0,14.3,25.9,0.0,37,35,2
3935,4380,45.9,1816,991,1208,365,46.1,45.6,9.1,52.4,0.0,1296,1171,125
3940,2105,32.9,646,465,704,290,32.9,32.9,35.9,32.0,0.0,847,730,117
3955,565,29.7,223,149,161,32,28.6,30.9,28.3,32.9,0.0,233,190,43
3970,8518,42.3,3081,1898,2784,755,40.0,44.6,14.4,50.5,0.0,3424,2601,823
3980,119,42.9,24,21,65,9,33.9,50.8,30.0,47.5, ,63,45,18
3985,73,42.5,29,16,22,6,38.7,45.2,50.0,40.3, ,20,20,0
4000,11,0.0,0,0,9,2,0.0,0.0,0.0, , ,9,9,0
4015,754,23.7,226,113,269,146,19.8,27.5,25.4,25.4, ,327,305,22
4030,76,75.0,39,19,14,4,69.4,80.0,50.0,76.4, ,8,7,1
4045,0, ,0,0,0,0, , , , , ,0,0,0
4060,559,26.1,175,182,141,61,22.6,28.7,4.8,36.9,100.0,256,230,26
4075,2911,9.8,453,343,1103,1012,6.9,12.5,6.9,20.9,0.0,1220,1165,55
4090,205,20.0,70,52,71,12,17.5,22.5,32.7,20.8,100.0,51,44,7
4095,123,30.9,44,21,47,11,34.2,26.0,36.8,36.6, ,39,33,6
4110,36,0.0,6,13,0,17,0.0,0.0,0.0,0.0, ,5,0,5
4130,0, ,0,0,0,0, , , , , ,0,0,0
4140,5026,25.3,927,921,2053,1125,21.0,29.5,20.8,25.1, ,2394,2107,287
4170,966,26.5,252,249,346,119,22.0,31.4,24.9,24.0,0.0,445,410,35
4180,27,22.2,6,2,12,7,11.1,27.8,0.0,27.3, ,10,9,1
4200,10516,45.1,3298,2446,3660,1112,43.0,46.9,21.5,48.0,73.9,4116,3014,1102
4225,464,26.9,79,77,221,87,23.1,32.6,20.0,28.2, ,251,220,31
4235,139,29.5,44,15,61,19,22.5,36.8,41.7,24.5, ,49,47,2
4255,3012,48.2,1153,798,941,120,47.3,49.1,39.3,37.1, ,1362,1136,226
4275,186,22.6,46,58,66,16,22.3,22.8,26.1,24.4, ,76,63,13
4290,9917,11.1,2089,1813,4425,1590,10.7,11.5,9.4,15.5,42.9,4758,4328,430
4300,1338,29.7,447,301,495,95,29.2,30.1,39.1,29.2,83.3,451,392,59
4315,148,26.4,52,26,56,14,20.7,34.4,9.8,40.5, ,75,74,1
4330,182,7.7,48,42,68,24,6.1,9.5,5.1,7.4, ,87,81,6
4345,9131,37.1,3231,2059,3176,665,34.8,39.2,18.1,37.4, ,3187,2901,286
4360,1041,33.6,212,233,432,164,30.4,36.9,11.4,35.8,0.0,387,314,73
4375,7,0.0,0,0,2,5,0.0,0.0,0.0,0.0, ,2,2,0
4390,25580,13.2,8738,5695,8482,2665,11.0,15.5,10.6,28.9,8.3,10645,9888,757
4405,2904,18.5,668,560,1186,490,16.5,20.2,10.5,29.2,3.1,1403,1290,113
4430,119,9.2,32,36,42,9,5.2,13.1,10.0,11.1, ,56,50,6
4445,182,25.3,77,38,52,15,24.1,26.3,0.0,22.3, ,65,57,8
4455,302,35.8,90,110,84,18,30.4,38.9,22.2,50.5,0.0,140,112,28
4470,1385,40.6,491,303,448,143,37.5,42.4,20.8,42.3,0.0,422,396,26
4500,490,10.0,58,237,123,72,11.7,8.8,16.7,10.9, ,229,219,10
4515,1129,41.5,327,319,323,160,38.6,43.8,18.3,44.7, ,534,359,175
4530,211,28.4,122,37,48,4,8.5,60.5,0.0,14.3, ,95,95,0
4545,4525,35.8,1566,1282,1329,348,35.5,36.2,5.9,38.6,5.7,1754,1297,457
4560,3076,12.8,501,414,1355,806,11.3,14.5,11.3,3.9,0.0,1338,1176,162
4580,124,12.1,35,37,42,10,15.8,9.0,5.9,16.5, ,68,67,1
4595,9625,24.8,2917,1760,3409,1539,23.8,25.8,10.8,38.8,0.0,4088,3705,383
4610,26428,15.3,7494,5858,9336,3740,13.1,17.6,10.0,26.2, ,12815,11870,945
4625,2875,28.9,1139,643,875,218,27.9,29.8,11.9,36.7, ,1254,1047,207
4635,30,36.7,2,3,16,9,53.3,20.0,0.0,50.0, ,10,8,2
4665,248,44.0,75,61,93,19,44.8,43.2,61.9,42.8,0.0,92,79,13
4680,84,15.5,45,10,22,7,8.7,23.7,0.0,16.0, ,17,15,2
4690,30691,27.5,10287,8121,9289,2994,26.4,28.7,24.8,37.3,34.7,12411,11181,1230
4700,6445,27.3,2099,1304,2077,965,26.3,28.4,8.6,49.5,0.0,2622,2430,192
4708,900,34.8,278,211,277,134,35.1,34.5,23.9,34.1,0.0,368,304,64
4710,376,29.8,129,139,93,15,38.9,16.8,57.3,20.9, ,180,145,35
4725,252,48.4,94,58,78,22,41.1,56.1,50.0,50.7, ,91,53,38
4740,106,8.5,14,36,36,20,9.2,7.3,0.0,10.6, ,65,65,0
4755,926,21.2,361,232,272,61,20.4,21.8,24.6,20.3, ,394,371,23
4760,856,40.8,171,137,360,188,35.7,45.8,33.9,49.1, ,320,263,57
4770,994,27.4,348,252,319,75,28.8,25.9,0.0,27.1, ,453,344,109
4785,9463,39.9,2555,2491,3553,864,40.7,39.2,47.9,39.4, ,4418,3503,915
4910,0, ,0,0,0,0, , , , , ,0,0,0
4930,0, ,0,0,0,0, , , , , ,0,0,0
4940,0, ,0,0,0,0, , , , , ,0,0,0
5003,200,9.5,35,40,76,49,7.6,11.6,0.0, ,5.2,106,98,8
5004,1519,18.1,353,331,566,269,17.3,18.9,24.7, ,17.8,666,640,26
5008,72,100.0,44,28,0,0,100.0,100.0, , , ,15,15,0
5009,0, ,0,0,0,0, , , , , ,0,0,0
5011,40,0.0,17,4,16,3,0.0,0.0, , ,0.0,14,14,0
5018,7,100.0,0,2,4,1,100.0, , , ,100.0,4,4,0
5026,0, ,0,0,0,0, , , , , ,0,0,0
5029,0, ,0,0,0,0, , , , , ,0,0,0
5030,0, ,0,0,0,0, , , , , ,0,0,0
5031,0, ,0,0,0,0, , , , , ,0,0,0
5033,1414,19.0,404,318,496,196,20.3,17.6,4.8,0.0,22.0,621,578,43
5041,0, ,0,0,0,0, , , , , ,0,0,0
5043,223,0.0,26,25,51,121,0.0,0.0,0.0, , ,76,76,0
5044,0, ,0,0,0,0, , , , , ,0,0,0
5046,445,19.8,143,103,120,79,18.0,21.2,0.0,0.0,25.7,177,171,6
5051,79,12.7,0,11,61,7,15.0,10.3,5.9, ,7.1,63,63,0
5053,410,0.7,77,106,183,44,0.5,1.0,0.0, ,1.1,258,252,6
5056,13,0.0,0,0,4,9,0.0,0.0,0.0, ,0.0,4,4,0
5061,84,34.5,15,37,22,10,14.8,70.0,0.0,100.0,12.1,45,43,2
5066,33,6.1,3,8,14,8,14.3,0.0,0.0, ,10.0,15,14,1
5067,1697,4.2,507,493,613,84,2.0,6.0,0.0, ,3.5,959,770,189
5069,0, ,0,0,0,0, , , , , ,0,0,0
5071,0, ,0,0,0,0, , , , , ,0,0,0
5076,202,17.8,37,55,74,36,18.8,17.1,0.0, ,19.1,81,76,5
5083,0, ,0,0,0,0, , , , , ,0,0,0
5086,161,4.3,55,24,72,10,6.0,2.6,41.7,0.0,0.0,81,78,3
5088,1451,2.5,446,319,566,120,1.4,3.6,0.0, ,3.0,809,758,51
5091,573,3.8,115,98,243,117,3.7,4.0,0.0, ,1.4,309,289,20
5098,0, ,0,0,0,0, , , , , ,0,0,0
5101,1015,9.4,228,178,471,138,6.1,12.5,0.0, ,10.0,540,520,20
5104,20,0.0,10,0,6,4,0.0,0.0, , ,0.0,6,6,0
5106,1727,17.7,459,347,690,231,17.1,18.3,10.8, ,16.1,706,658,48
5111,571,14.7,144,130,251,46,14.0,15.4,20.0, ,17.6,286,267,19
5114,213,24.9,69,54,69,21,18.4,30.9,0.0, ,0.0,44,44,0
5116,0, ,0,0,0,0, , , , , ,0,0,0
5120,393,1.5,82,94,153,64,2.2,1.0,0.0,0.0,2.8,218,205,13
5123,0, ,0,0,0,0, , , , , ,0,0,0
5133,89,0.0,1,20,55,13,0.0,0.0,0.0, ,0.0,74,74,0
5134,67,0.0,4,12,46,5,0.0,0.0,0.0, ,0.0,46,46,0
5135,514,2.3,144,114,220,36,3.0,1.6,10.3, ,0.0,299,279,20
5136,29,24.1,2,14,10,3,28.6,12.5,0.0, ,36.8,13,11,2
5138,211,67.8,14,125,56,16,68.3,67.4,100.0, ,66.9,139,93,46
5139,0, ,0,0,0,0, , , , , ,0,0,0
5146,75,17.3,11,3,34,27,13.6,22.6,0.0,100.0,17.6,23,23,0
5148,1274,5.0,446,350,406,72,4.0,6.1,0.0, ,11.2,622,584,38
5156,7,0.0,3,0,4,0,0.0,0.0,0.0, , ,4,4,0
5161,5094,8.0,1304,1281,1919,590,6.9,8.9,18.1,0.0,7.1,2407,2112,295
5166,40,25.0,20,10,10,0,0.0,45.5,0.0, , ,20,20,0
5176,677,16.2,190,134,250,103,18.2,14.6,28.2,33.3,6.4,298,280,18
5177,1352,15.4,276,328,514,234,15.5,15.3,31.0, ,13.6,564,522,42
5179,1651,2.7,415,412,587,237,2.9,2.5,0.0, ,3.5,814,771,43
5181,0, ,0,0,0,0, , , , , ,0,0,0
5186,848,8.3,220,216,275,137,7.0,9.4,0.0, ,10.9,415,395,20
5188,53,0.0,22,22,8,1,0.0,0.0,0.0, , ,11,8,3
5193,50,0.0,11,8,14,17,0.0,0.0,0.0, ,0.0,20,20,0
5196,13,0.0,2,4,7,0,0.0,0.0, , ,0.0,9,7,2
5198,1562,2.6,451,383,578,150,1.4,3.8,3.8,0.0,1.7,808,756,52
5199,0, ,0,0,0,0, , , , , ,0,0,0
5201,827,5.2,171,154,338,164,3.4,6.9,0.0,0.0,6.5,412,386,26
5213,0, ,0,0,0,0, , , , , ,0,0,0
5216,13,15.4,0,0,13,0,0.0,18.2,0.0, , ,6,6,0
5222,0, ,0,0,0,0, , , , , ,0,0,0
5223,21,0.0,8,8,3,2,0.0,0.0,0.0, , ,8,8,0
5236,0, ,0,0,0,0, , , , , ,0,0,0
5238,2422,9.8,676,622,853,271,9.7,10.0,11.5, ,10.7,1145,995,150
5239,723,17.0,213,209,242,59,21.3,12.7,12.5, ,12.1,317,274,43
5241,1805,8.8,564,396,725,120,8.2,9.2,6.2,0.0,14.7,998,924,74
5248,0, ,0,0,0,0, , , , , ,0,0,0
5251,0, ,0,0,0,0, , , , , ,0,0,0
5256,0, ,0,0,0,0, , , , , ,0,0,0
5271,3051,8.4,717,666,1226,442,9.1,7.8,18.3,0.0,9.9,1434,1359,75
5276,0, ,0,0,0,0, , , , , ,0,0,0
5281,0, ,0,0,0,0, , , , , ,0,0,0
5283,0, ,0,0,0,0, , , , , ,0,0,0
5286,1375,7.1,391,337,518,129,5.2,9.1,5.1,0.0,3.1,675,663,12
5540,14334,12.9,3684,2993,5254,2403,12.1,13.6,10.9,20.4, ,6584,6289,295
5550,506306,19.0,125986,107116,192695,80509,17.6,20.4,15.2,23.0,29.6,231824,215926,15898
5560,178118,11.4,46669,40228,66359,24862,10.3,12.4,10.1,22.0,19.0,89708,85948,3760
5580,304836,14.8,74779,62471,117305,50281,13.1,16.4,13.8,18.5,15.7,139281,132241,7040
5590,223567,21.0,53372,45551,83767,40877,18.9,22.9,18.8,24.1,32.5,95087,88679,6408
5600,117877,11.1,28852,20598,50040,18387,9.9,12.3,9.9,14.1,7.9,54542,51649,2893
5620,768408,14.7,188563,173902,293623,112320,13.0,16.2,11.8,20.2,3.8,389299,367130,22169
5640,862,12.1,198,161,306,197,11.1,13.0,10.4,8.5, ,390,370,20
5670,6278,11.9,1338,1211,2606,1123,11.7,12.1,10.7,29.1, ,2875,2676,199
5690,5712,14.2,1394,885,2274,1159,12.5,16.0,12.9,23.7, ,2560,2420,140
5700,19516,20.3,4999,4377,7293,2847,17.5,22.9,17.3,29.0,0.0,8993,8299,694
5720,181198,17.1,44613,44432,66728,25425,14.8,19.3,13.0,25.2,6.8,84489,77951,6538
5730,223,9.9,34,32,117,40,8.0,11.8,3.7,2.1, ,121,117,4
5740,253,34.4,74,44,97,38,38.0,30.2,28.8,45.3,0.0,97,88,9
5760,922,13.8,273,191,355,103,13.5,14.1,9.0,23.4, ,411,385,26
5770,5296,28.8,1407,1114,1971,804,25.4,32.1,26.7,21.5,64.1,2337,2143,194
5780,15968,15.0,3796,2936,6367,2869,13.7,16.3,14.4,18.0,0.0,6878,6522,356
5795,4706,18.6,1063,987,1661,995,17.7,19.5,18.0,17.2,12.5,2254,2170,84
5800,2034,27.4,622,421,698,293,24.3,30.7,17.8,47.6, ,793,726,67
5810,5089,23.9,1327,949,1925,888,22.8,25.0,25.5,16.6,0.0,2177,1985,192
5820,56653,16.3,13898,12225,21137,9393,14.9,17.6,15.0,20.6,41.7,25790,24322,1468
5830,22548,22.8,5746,4492,8558,3752,20.4,25.1,19.1,28.7,0.0,9349,8571,778
5835,4450,17.1,832,706,1710,1202,16.7,17.5,15.0,24.3,0.0,1770,1601,169
5860,3883,19.0,1066,865,1362,590,17.6,20.5,16.0,29.0, ,1925,1822,103
5890,1692,16.4,399,307,646,340,16.5,16.3,12.5,23.9,0.0,716,659,57
5915,1937,21.1,553,355,664,365,18.6,23.3,18.0,28.9, ,692,663,29
5950,25906,16.3,6504,5533,9304,4565,14.5,18.1,12.8,25.3, ,12319,11532,787
5955,11541,30.4,3304,2579,3917,1741,30.5,30.4,21.5,43.2,0.0,4734,4167,567
5970,4358,22.4,1141,1111,1368,738,24.2,20.8,21.8,17.3,6.9,1957,1837,120
6015,53,20.8,23,3,27,0,30.0,8.7,0.0,22.4, ,22,17,5
6020,602,34.7,230,143,195,34,32.9,36.7,21.4,35.0, ,218,166,52
6025,397,35.0,171,103,108,15,32.6,38.1,0.0,36.3, ,153,114,39
6030,782,19.4,20,254,467,41,13.9,31.2,46.3,16.5,0.0,724,720,4
6035,729,44.3,312,187,174,56,44.6,44.0,84.8,41.7, ,258,156,102
6040,0, ,0,0,0,0, , , , , ,0,0,0
6045,190,13.2,55,44,75,16,17.3,8.7,8.3,13.9, ,75,62,13
6065,443,29.8,168,108,144,23,29.8,29.8,0.0,29.9, ,187,142,45
6070,184,28.8,44,68,49,23,28.7,28.9,0.0,32.7, ,106,68,38
6075,299,27.8,112,67,92,28,26.4,29.3,0.0,29.1,0.0,126,98,28
6080,289,33.6,117,76,70,26,37.1,28.6,88.2,27.3, ,141,70,71
6095,95,2.1,17,28,33,17,0.0,4.3, ,2.1, ,47,31,16
6100,535,21.1,97,116,260,62,20.3,22.4,25.6,25.6,0.0,331,299,32
6105,505,23.4,148,120,180,57,24.3,22.2,0.0,27.9, ,239,191,48
6125,89,16.9,26,18,31,14,18.2,14.7, ,13.1, ,50,43,7
6140,163,38.0,57,38,53,15,40.7,35.1,0.0,44.1, ,65,46,19
6150,51,7.8,7,23,14,7,6.9,9.1,0.0,12.5, ,30,30,0
6160,242,31.4,101,57,68,16,34.0,29.4, ,31.1, ,91,64,27
6165,172,19.2,63,47,46,16,18.8,19.7,0.0,19.6, ,69,61,8
6175,4287,11.2,1453,1072,1432,330,9.8,12.8,10.9,15.4,0.0,2075,1785,290
6190,54,35.2,4,14,30,6,33.3,37.5, ,35.2, ,40,31,9
6195,0, ,0,0,0,0, , , , , ,0,0,0
6205,5965,13.7,1884,1569,2083,429,13.5,14.0,2.5,18.8, ,3223,2916,307
6225,0, ,0,0,0,0, , , , , ,0,0,0
6235,1,100.0,0,0,1,0, ,100.0, ,100.0, ,0,0,0
6240,415,59.3,175,111,116,13,59.8,58.7,66.7,58.2, ,143,99,44
6250,626,22.5,237,204,148,37,17.9,28.0,0.0,23.2, ,230,133,97
6255,201,7.5,35,28,92,46,9.8,4.5,6.0,14.3, ,102,100,2
6257,0, ,0,0,0,0, , , , , ,0,0,0
6265,119,34.5,28,34,54,3,30.0,39.0,0.0,42.3, ,69,53,16
6275,459,18.3,180,145,106,28,20.3,16.1,10.0,18.6, ,156,130,26
6280,41,0.0,12,17,10,2,0.0,0.0,0.0,0.0, ,15,15,0
6285,1266,32.2,415,402,394,55,29.3,36.1,10.3,36.5, ,542,444,98
6290,25816,9.1,7171,5745,10162,2738,9.0,9.3,7.9,25.4,27.6,12451,11441,1010
6295,35,0.0,8,10,17,0,0.0,0.0,0.0,0.0, ,23,21,2
6300,63,14.3,11,14,34,4,15.4,12.5,0.0,14.3,100.0,21,21,0
6305,57,12.3,13,13,28,3,12.1,12.5,0.0,12.7, ,27,20,7
6310,64,6.3,2,8,32,22,5.4,7.4,0.0,7.8, ,32,28,4
6315,392,11.0,91,45,155,101,6.3,14.8,7.9,32.8, ,176,165,11
6325,57,26.3,5,14,29,9,0.0,39.5,0.0,31.3, ,19,19,0
6330,72,8.3,15,13,37,7,15.0,0.0,20.0,0.0, ,43,40,3
6335,101,50.5,31,39,25,6,39.2,62.0,0.0,59.3, ,51,31,20
6340,0, ,0,0,0,0, , , , , ,0,0,0
6350,108,61.1,43,29,27,9,58.6,64.0,78.4,50.0, ,40,36,4
6360,50,34.0,15,9,25,1,42.9,27.6, ,45.9, ,21,15,6
6365,547,9.5,181,166,178,22,6.1,12.3,3.5,25.0, ,241,197,44
6380,0, ,0,0,0,0, , , , , ,0,0,0
6385,1642,13.4,369,315,725,233,13.3,13.5,8.0,33.1, ,950,877,73
6390,90,48.9,28,28,26,8,45.8,52.4,20.0,56.6, ,44,26,18
6400,152,13.2,48,46,47,11,16.1,9.2,0.0,14.3, ,63,54,9
6405,2204,9.6,641,560,789,214,8.6,10.6,4.1,12.4, ,1187,1128,59
6415,52,19.2,4,7,31,10,29.4,0.0,0.0,31.3, ,26,8,18
6420,6032,10.4,1187,1551,2649,645,10.2,10.7,6.3,21.0,0.0,3725,3561,164
6430,22,13.6,0,0,18,4,27.3,0.0,0.0,11.1, ,16,13,3
6440,493,26.2,189,132,128,44,25.4,26.9, ,24.5, ,185,113,72
6445,69,15.9,3,1,58,7,15.1,18.8,22.6,23.5, ,49,48,1
6450,31,67.7,0,8,19,4,66.7,69.2,0.0,75.0, ,23,11,12
6455,0, ,0,0,0,0, , , , , ,0,0,0
6460,87,39.1,21,27,27,12,48.8,30.4, ,39.1, ,38,23,15
6470,286,25.5,100,86,84,16,25.7,25.2,0.0,26.3, ,102,76,26
6480,763,27.4,273,195,247,48,23.6,31.7,20.0,27.2, ,304,199,105
6490,83,0.0,2,0,77,4,0.0,0.0,0.0,0.0, ,78,78,0
6495,254,0.0,31,98,104,21,0.0,0.0,0.0,0.0, ,162,154,8
6500,68,2.9,17,3,45,3,0.0,8.7,0.0,5.9, ,53,53,0
6515,540,27.6,171,125,185,59,29.5,25.7,7.3,29.1, ,237,193,44
6520,93,46.2,26,40,20,7,52.4,33.3,5.3,85.4, ,22,18,4
6525,472,10.4,132,95,181,64,9.7,11.2,2.4,14.7, ,254,226,28
6530,683,43.3,211,174,256,42,42.7,44.1,2.4,46.6, ,294,205,89
6535,0, ,0,0,0,0, , , , , ,0,0,0
6540,123,19.5,52,20,44,7,15.8,22.7,50.0,15.9, ,61,54,7
6545,208,42.3,69,67,60,12,44.1,40.6,0.0,41.9, ,85,55,30
6550,165,43.6,55,53,44,13,45.1,42.2,50.0,43.8, ,60,45,15
6560,31,12.9,10,6,15,0,0.0,25.0,0.0,66.7, ,13,11,2
6570,0, ,0,0,0,0, , , , , ,0,0,0
6575,4,0.0,2,0,2,0,0.0,0.0, , , ,2,2,0
6585,200,17.5,56,50,75,19,20.2,13.2,0.0,18.2, ,93,70,23
6590,827,11.9,145,170,370,142,9.7,14.3,9.5,13.2, ,441,372,69
6595,1145,47.3,525,291,283,46,46.1,48.8,0.0,48.4, ,379,240,139
6605,77,28.6,19,22,31,5,29.5,27.3, ,31.9, ,38,34,4
6610,397,24.2,168,68,119,42,25.1,23.3,6.3,26.4, ,159,123,36
6615,302,30.5,85,42,120,55,28.0,33.3,0.0,28.1,100.0,109,91,18
6620,46,2.2,17,10,15,4,5.6,0.0,0.0,2.4, ,22,22,0
6625,65,15.4,19,14,27,5,3.2,26.5,0.0,20.4, ,33,31,2
6630,76,36.8,31,31,14,0,42.5,30.6, ,36.8, ,36,36,0
6650,0, ,0,0,0,0, , , , , ,0,0,0
6670,602,16.1,134,146,266,56,15.4,17.0,32.6,10.0, ,301,246,55
6680,176,10.8,59,47,59,11,12.7,8.1,0.0,10.1, ,83,70,13
6685,255,18.0,112,51,72,20,19.5,16.8,0.0,19.7, ,80,56,24
6690,165,18.8,28,35,73,29,17.5,20.6,14.3,19.7, ,79,51,28
6700,40,27.5,12,11,9,8,25.0,29.2, ,27.5, ,5,5,0
6705,89,13.5,24,25,29,11,12.3,15.6,18.8,8.6, ,46,44,2
6710,647,38.6,244,186,182,35,41.1,35.8, ,38.4, ,241,154,87
6720,34709,10.7,8574,6915,14207,5013,10.2,11.3,9.6,18.8,0.0,16693,15153,1540
6725,13033,10.6,2877,2810,5556,1790,9.8,11.4,8.0,25.9,0.0,7156,6669,487
6730,328,32.3,123,75,108,22,33.7,30.8,0.0,34.1, ,136,92,44
6735,1000,15.9,133,179,575,113,11.1,23.9,24.0,18.0,0.0,706,690,16
6740,161,16.8,42,31,75,13,14.1,20.3,4.2,26.5, ,94,85,9
6750,659,39.2,235,162,217,45,38.1,40.4,100.0,39.0, ,229,164,65
6755,678,31.1,264,218,136,60,34.1,28.2,7.7,32.1, ,246,196,50
6765,670,20.0,152,141,273,104,22.4,17.2,22.9,17.2,0.0,355,275,80
6785,73233,10.1,19691,16852,29342,7348,9.5,10.8,9.5,15.3,15.1,34829,31193,3636
6790,152,39.5,74,38,34,6,37.5,41.3,0.0,41.7, ,60,44,16
6795,0, ,0,0,0,0, , , , , ,0,0,0
6800,148,24.3,40,53,43,12,25.3,23.3,0.0,26.5, ,65,45,20
6810,431,29.7,158,132,120,21,27.4,32.5,0.0,30.5, ,169,118,51
6815,726,44.2,271,215,192,48,45.5,42.6,0.0,45.1, ,224,186,38
6820,3204,16.2,938,883,1109,274,15.9,16.6,4.1,21.8, ,1656,1457,199
6825,248,41.1,109,58,70,11,42.4,39.7,0.0,44.2, ,89,57,32
6830,54,42.6,14,15,21,4,50.0,34.6, ,44.2, ,26,21,5
6835,705,26.2,268,186,206,45,28.2,24.1, ,25.3, ,239,168,71
6840,341,25.5,136,72,98,35,25.7,25.3,0.0,25.7, ,103,83,20
6845,763,30.0,264,228,214,57,28.2,31.8,13.3,32.2, ,287,217,70
6850,20,20.0,0,0,14,6,16.7,25.0,20.0, , ,17,17,0
6855,42,35.7,7,8,13,14,26.9,50.0,0.0,63.2, ,21,19,2
6860,0, ,0,0,0,0, , , , , ,0,0,0
6865,95,26.3,36,19,31,9,28.6,24.5,50.0,25.8, ,43,36,7
6875,6,83.3,2,3,0,1,100.0,66.7, ,83.3, ,1,1,0
6890,327,37.6,118,80,116,13,34.5,40.9, ,39.8, ,121,81,40
6895,319,16.3,91,68,122,38,15.1,17.5,11.7,15.4, ,153,135,18
6900,77,15.6,14,11,28,24,22.0,8.3,20.0,0.0, ,35,31,4
6905,786,15.4,197,226,316,47,16.0,14.6,2.6,19.5, ,382,339,43
6910,336,35.1,129,96,91,20,34.6,35.6, ,33.3, ,124,93,31
6915,0, ,0,0,0,0, , , , , ,0,0,0
6935,216,18.5,61,42,93,20,12.8,24.3,0.0,17.8, ,115,87,28
6945,198,46.0,41,21,100,36,45.5,46.2, ,43.7, ,51,47,4
6965,223,30.0,75,56,72,20,33.9,25.3,0.0,31.0, ,93,63,30
6975,815,38.2,322,236,228,29,33.5,44.4,0.0,44.2, ,349,262,87
6990,500,5.8,99,87,260,54,2.8,9.9,2.6,10.4,0.0,303,286,17
6995,231,42.0,88,51,88,4,37.2,46.6,0.0,51.7,100.0,109,80,29
7005,0, ,0,0,0,0, , , , , ,0,0,0
7010,368,37.8,120,87,127,34,35.0,40.5,0.0,39.4, ,133,107,26
7020,377,36.3,162,95,91,29,36.2,36.5,0.0,38.1, ,103,79,24
7025,54,0.0,0,12,33,9,0.0,0.0,0.0,0.0, ,35,35,0
7030,368,16.0,104,49,140,75,10.7,21.5,5.1,28.4, ,185,154,31
7035,113,17.7,43,34,33,3,14.8,21.2,18.2,19.4, ,50,46,4
7040,170,10.6,58,40,57,15,12.5,8.5,0.0,8.5, ,72,64,8
7050,559,24.2,216,144,155,44,23.8,24.7,0.0,24.5, ,181,138,43
7055,369,36.6,146,92,89,42,37.9,34.9,0.0,37.1,0.0,131,92,39
7065,210,31.0,81,41,68,20,30.0,31.8, ,31.0, ,79,62,17
7070,119,21.0,12,47,43,17,26.9,9.8,0.0,22.4, ,53,36,17
7075,25,28.0,2,9,7,7,7.7,50.0,16.7,33.3, ,17,17,0
7080,14817,9.9,3171,2888,6301,2457,9.0,10.9,8.7,20.2,8.3,7275,6718,557
7085,424,28.8,152,107,138,27,27.3,30.6,50.0,28.5, ,166,117,49
7095,3635,11.6,1084,965,1296,290,11.6,11.6,6.4,16.2,11.5,2073,1870,203
7100,110,29.1,29,35,39,7,34.0,24.6,6.7,35.8,0.0,64,48,16
7110,577,32.2,221,138,188,30,31.1,33.7,0.0,33.3, ,217,153,64
7115,251,44.2,43,107,66,35,44.0,44.5,0.0,54.4, ,96,65,31
7125,389,9.3,140,135,94,20,9.0,9.6,3.2,9.9,0.0,173,133,40
7130,274,31.4,71,69,101,33,31.2,31.6,25.0,31.1, ,116,81,35
7133,131,38.2,50,36,32,13,39.4,36.9,42.9,36.9, ,47,32,15
7135,710,51.0,286,189,206,29,50.1,51.9, ,51.4, ,271,201,70
7145,0, ,0,0,0,0, , , , , ,0,0,0
7150,276,22.8,51,91,105,29,19.4,25.9,9.1,25.8,0.0,148,135,13
7175,36,30.6,16,5,10,5,41.2,21.1,0.0,40.7, ,6,5,1
7180,178,15.7,25,61,69,23,11.8,19.4,10.7,20.7,0.0,97,76,21
7185,0, ,0,0,0,0, , , , , ,0,0,0
7205,18,0.0,0,6,9,3,0.0,0.0,0.0,0.0, ,11,9,2
7215,98,37.8,32,30,28,8,34.6,41.3,0.0,38.1, ,37,27,10
7220,2629,9.3,628,434,1143,424,8.4,10.2,7.8,24.2,19.4,1363,1293,70
7225,57,21.1,11,24,14,8,28.6,13.8,0.0,19.4, ,35,32,3
7230,634,47.9,269,179,163,23,50.3,45.5,0.0,48.6, ,220,138,82
7235,125,28.8,36,35,49,5,26.4,30.6, ,28.8, ,63,35,28
7245,15,6.7,0,2,4,9,10.0,0.0, ,6.7, ,4,2,2
7250,629,20.0,260,160,169,40,16.1,24.7,11.1,21.3, ,232,157,75
7255,272,20.2,130,88,49,5,15.5,27.0,0.0,26.0,25.0,98,76,22
7260,0, ,0,0,0,0, , , , , ,0,0,0
7263,150,3.3,65,36,42,7,4.5,2.4,3.8,8.3, ,76,75,1
7265,189,24.9,35,61,78,15,25.2,24.4,45.5,22.5, ,109,95,14
7270,60,0.0,13,19,23,5,0.0,0.0,0.0,0.0, ,39,35,4
7275,214,23.4,22,60,84,48,13.7,32.1,17.5,28.4, ,74,57,17
7300,34,0.0,15,4,10,5,0.0,0.0, ,0.0, ,17,17,0
7305,21,0.0,1,2,11,7,0.0,0.0,0.0,0.0, ,15,12,3
7310,188,42.6,64,42,63,19,35.5,49.5,69.2,41.3, ,87,58,29
7315,348,34.5,138,111,84,15,30.3,38.8,0.0,35.6, ,103,75,28
7340,84,4.8,16,28,27,13,0.0,10.0,0.0,5.4, ,54,46,8
7375,433,23.3,203,103,111,16,20.0,27.5,0.0,23.6, ,155,122,33
7390,464,12.7,82,91,243,48,14.4,10.2,4.2,15.6,0.0,265,253,12
7400,644,18.3,164,88,295,97,14.9,21.8,14.3,52.2, ,275,260,15
7410,1330,18.2,266,348,611,105,16.1,20.7,5.1,20.4,25.0,859,820,39
7415,932,43.1,370,261,234,67,45.9,40.1,0.0,44.9, ,327,209,118
7420,375,15.2,72,86,167,50,13.9,17.0,0.0,17.0, ,187,153,34
7425,530,54.2,267,118,104,41,51.7,57.0,0.0,54.2, ,135,91,44
7430,813,46.6,349,212,206,46,43.7,50.3,0.0,48.2, ,227,145,82
7435,439,6.4,78,46,208,107,4.7,8.3,5.0,16.7,0.0,224,208,16
7440,63,38.1,9,27,25,2,47.7,15.8,0.0,47.1, ,44,34,10
7450,282,16.0,103,74,88,17,18.2,13.7,0.0,16.3, ,122,97,25
7465,518,37.3,200,114,153,51,39.9,34.3,0.0,40.8, ,160,130,30
7470,273,31.9,122,61,72,18,29.9,33.8,73.0,27.0, ,91,67,24
7475,4498,10.8,1043,1073,1748,634,9.6,12.0,6.0,22.7, ,2559,2418,141
7485,1033,5.6,131,253,532,117,4.7,6.8,5.6,5.8, ,761,701,60
7495,83,42.2,31,22,27,3,56.4,29.5,7.1,50.0, ,36,26,10
7500,0, ,0,0,0,0, , , , , ,0,0,0
7505,47,14.9,2,4,33,8,6.7,29.4,40.0,8.1, ,27,18,9
7510,498,33.9,201,134,125,38,34.9,32.7,0.0,36.0, ,155,118,37
7520,10,80.0,2,4,0,4,66.7,100.0, ,80.0, ,0,0,0
7525,36,58.3,16,8,11,1,60.9,53.8, ,58.3, ,9,6,3
7530,40,30.0,13,6,16,5,38.5,14.3,47.6,18.2, ,14,11,3
7535,133,25.6,21,32,52,28,20.9,30.3,50.0,24.8, ,56,23,33
7540,226,8.4,45,55,92,34,6.1,11.6,8.0,8.9, ,124,116,8
7555,121,0.0,23,46,37,15,0.0,0.0,0.0,0.0, ,66,64,2
7560,300,13.7,75,77,135,13,22.3,4.2,14.0,14.7, ,150,106,44
7565,0, ,0,0,0,0, , , , , ,0,0,0
7570,184,37.5,61,51,61,11,40.8,33.3, ,37.6, ,80,68,12
7580,171,38.0,38,47,78,8,37.3,39.1,18.9,43.9, ,71,36,35
7605,747,30.7,256,190,263,38,29.9,31.6,25.0,32.0, ,246,180,66
7625,505,22.2,170,124,159,52,24.4,19.7,0.0,23.0, ,225,172,53
7630,433,61.4,180,80,162,11,58.3,65.6,0.0,66.2, ,156,127,29
7640,473,37.8,198,104,120,51,36.3,39.9,0.0,38.7, ,166,112,54
7645,296,37.2,99,77,90,30,36.0,38.6,25.0,36.9, ,114,89,25
7650,83,31.3,30,15,31,7,31.8,30.8,0.0,32.5, ,27,26,1
7655,328,22.0,102,67,144,15,25.3,18.8,0.0,28.6,0.0,171,120,51
7665,11,0.0,1,0,6,4,0.0,0.0,0.0,0.0, ,6,4,2
7690,692,13.4,164,130,304,94,11.0,16.3,3.7,18.6, ,348,307,41
7695,4753,6.2,778,1397,2352,226,5.9,6.7,3.3,12.3,4.9,3463,3406,57
7725,139,51.8,33,32,61,13,56.6,46.0, ,52.2, ,62,41,21
7735,511,13.5,184,150,149,28,12.3,15.4,0.0,15.6, ,233,196,37
7740,157,41.4,57,48,45,7,41.9,40.4,0.0,39.0, ,75,66,9
7745,173,30.6,52,48,60,13,39.6,19.5,6.3,33.5, ,85,67,18
7755,1284,13.0,290,276,500,218,11.3,14.7,10.0,24.1, ,618,572,46
7765,653,6.4,149,145,264,95,6.8,6.0,7.0,7.1,0.0,374,348,26
8100,2907,12.7,667,536,1160,544,11.9,13.4,13.0,0.0, ,1408,1332,76
8300,5,0.0,0,0,0,5, ,0.0,0.0, , ,5,5,0
8450,3315,20.4,815,1071,1119,310,18.7,22.2,17.8,37.0,57.9,1684,1530,154
8750,37418,9.8,5811,5130,15605,10872,8.7,10.8,9.4,5.4,6.4,17460,16673,787
9100,5,100.0,0,0,5,0,100.0,100.0,100.0,100.0, ,0,0,0
9150,0, ,0,0,0,0, , , , , ,0,0,0
9230,68,14.7,5,16,35,12,14.3,14.9,27.3,6.8, ,34,34,0
9240,93,47.3,29,22,29,13,50.0,45.6,33.3,48.1, ,26,18,8
9260,103,20.4,9,20,43,31,21.8,18.8,0.0,23.1, ,47,43,4
9280,23,13.0,1,4,15,3,0.0,25.0,25.0,8.3, ,15,13,2
9300,748,24.1,135,295,254,64,27.4,21.1,20.5,16.0, ,318,262,56
9350,0, ,0,0,0,0, , , , , ,0,0,0
9370,59,15.3,17,17,19,6,23.1,0.0, ,11.4, ,31,27,4
9400,16,0.0,0,0,10,6,0.0,0.0, ,0.0, ,8,8,0
9510,2331,20.2,507,457,884,483,16.0,23.7,11.9,46.7, ,895,795,100
9515,6588,27.1,1736,1295,2522,1035,22.2,31.9,21.3,25.2,0.0,2633,2290,343
9525,958,31.6,206,201,364,187,29.3,33.6,19.9,59.4, ,404,371,33
9550,85395,20.2,20107,18368,32730,14190,18.2,22.0,12.6,13.1,100.0,39202,36042,3160
9560,14372,22.1,3776,2950,5532,2114,21.5,22.8,21.1,25.6,0.0,6295,5808,487
9580,3634,12.1,628,651,1648,707,10.1,13.9,10.8,6.1, ,1894,1789,105
9630,394,21.6,70,83,166,75,19.6,23.3,20.5,19.8, ,186,162,24
9635,60595,23.5,15358,13797,22363,9077,20.7,26.1,17.3,22.5,9.9,26458,23757,2701
9675,260,9.6,68,48,114,30,8.0,11.4,11.3,0.0, ,146,139,7
9680,55108,13.0,12608,11029,23740,7731,11.3,14.7,12.6,4.4,0.0,25731,24220,1511
9720,30949,20.9,7503,8451,11324,3671,18.0,23.9,18.5,28.5,7.9,13337,12151,1186
9745,8941,27.9,2138,1976,3603,1224,27.1,28.6,22.6,31.4,0.0,3868,3427,441
9800,540,13.9,63,106,219,152,14.5,13.3,12.8,14.4, ,259,240,19
9815,493266,22.7,126841,127551,179019,59855,20.6,24.7,15.5,29.0,13.1,209416,188115,21301
9820,22046,15.3,4681,4078,9337,3950,13.2,17.3,14.2,17.8, ,9881,9294,587
9825,7466,30.2,1713,1726,2589,1438,25.9,33.4,14.9,14.8,0.0,3249,2784,465
9830,8105,9.0,1231,1025,3429,2420,8.4,9.6,8.3,8.7, ,3802,3588,214
9835,6089,14.1,1476,1429,2335,849,12.5,15.6,16.9,11.6, ,2870,2561,309
9838,9479,13.5,2101,1692,4151,1535,13.3,13.7,10.2,6.9,11.1,4792,4514,278
9844,1687,15.4,359,347,693,288,14.8,16.1,11.2,35.9, ,786,685,101
9850,1136,10.5,271,268,483,114,9.4,11.5,7.4,14.2, ,570,528,42
9865,2570,14.4,633,377,1077,483,10.7,18.2,13.3,10.0, ,1187,1049,138
9875,576,30.6,128,122,232,94,29.4,31.6,18.3,19.1, ,236,222,14
9880,5953,26.8,1384,1496,2050,1023,23.0,30.5,15.5,16.7,0.0,2500,2225,275
9950,6386,20.2,1304,1338,2536,1208,17.0,23.2,17.1,25.7,50.0,2918,2698,220
9960,200580,18.2,49113,48039,76811,26617,16.1,20.2,13.3,21.2,0.0,94019,88138,5881
9963,1247,32.2,325,264,528,130,28.7,35.3,19.5,45.0,0.0,513,453,60
9967,52,1.9,18,13,17,4,3.6,0.0,0.0,100.0, ,25,25,0
9970,2233,16.4,481,402,990,360,13.3,19.2,9.5,21.5,0.0,975,892,83
9975,2256,11.7,479,653,781,343,10.3,13.4,9.6,5.4, ,1170,1101,69